NMHC(GT);PT08.S3(NOx);C6H6(GT);T;RH;AH;PT08.S4(NO2);PT08.S1(CO);PT08.S2(NMHC);PT08.S5(O3);CO(GT);NO2(GT);NOx(GT)
-200.0;886.0;8.7;21.5;44.5;1.129;1665.0;993.0;927.0;842.0;1.8;96.0;151.0
-200.0;750.0;7.0;15.0;59.3;1.0045;1231.0;1092.0;855.0;1061.0;1.7;84.0;194.0
-200.0;728.0;8.3;12.7;84.4;1.2352;1356.0;1131.0;912.0;987.0;2.3;120.0;444.0
-200.0;651.0;6.2;15.4;54.0;0.9385;1262.0;1144.0;821.0;988.0;1.5;123.0;214.0
-200.0;685.0;9.6;11.9;88.7;1.2352;1408.0;1187.0;961.0;1017.0;2.6;115.0;497.0
-200.0;796.0;6.5;12.4;80.1;1.1462;1263.0;1015.0;835.0;911.0;1.5;94.0;260.0
-200.0;739.0;7.4;8.6;70.5;0.7915;1150.0;1071.0;873.0;1193.0;1.9;107.0;339.0
-200.0;617.0;11.8;17.6;52.2;1.0396;1470.0;1203.0;1043.0;1217.0;2.8;202.0;428.0
-200.0;890.0;3.5;11.3;80.1;1.0741;1166.0;1053.0;680.0;807.0;1.3;108.0;166.0
-200.0;908.0;3.1;10.6;82.1;1.0451;1188.0;1041.0;659.0;792.0;1.1;118.0;211.0
-200.0;665.0;10.7;15.6;62.0;1.0904;1409.0;1169.0;1003.0;1126.0;2.1;128.0;350.0
-200.0;872.0;5.4;12.9;70.5;1.0442;1209.0;968.0;785.0;826.0;1.6;111.0;239.0
-200.0;631.0;6.8;12.1;67.6;0.9539;1274.0;1236.0;849.0;1131.0;1.9;150.0;251.0
-200.0;930.0;4.8;12.3;73.4;1.049;1172.0;904.0;754.0;805.0;1.2;114.0;193.0
-200.0;864.0;5.3;7.5;81.5;0.8495;1136.0;918.0;778.0;859.0;1.1;68.0;165.0
-200.0;713.0;9.4;9.3;73.5;0.8651;1271.0;1038.0;957.0;1092.0;2.1;132.0;344.0
-200.0;732.0;7.6;17.8;66.9;1.3464;1363.0;1050.0;881.0;982.0;1.3;69.0;162.0
-200.0;611.0;12.9;26.3;43.7;1.4718;1642.0;1214.0;1080.0;1190.0;2.5;87.0;323.0
-200.0;665.0;10.7;17.5;73.2;1.4515;1542.0;1071.0;1003.0;1045.0;2.2;58.0;252.0
-200.0;608.0;10.0;22.2;25.5;0.6752;1234.0;1171.0;977.0;905.0;2.2;142.0;292.0
-200.0;626.0;13.2;18.0;71.5;1.4615;1620.0;1167.0;1090.0;1106.0;2.6;62.0;281.0
118.0;944.0;8.7;12.0;61.1;0.8537;1570.0;1132.0;927.0;781.0;2.0;100.0;128.0
-200.0;752.0;7.6;18.2;76.4;1.5787;1472.0;983.0;881.0;928.0;1.6;56.0;227.0
-200.0;703.0;10.0;15.5;77.2;1.3502;1506.0;1055.0;977.0;1013.0;1.6;61.0;326.0
-200.0;623.0;14.5;19.6;69.7;1.5675;1675.0;1157.0;1131.0;1157.0;2.8;113.0;370.0
-200.0;769.0;5.4;12.3;64.6;0.9229;1184.0;1064.0;785.0;946.0;1.7;116.0;210.0
143.0;976.0;8.8;13.4;41.0;0.6292;1454.0;1093.0;933.0;777.0;1.9;87.0;112.0
-200.0;614.0;11.8;25.0;50.1;1.563;1631.0;1277.0;1043.0;1155.0;2.5;99.0;306.0
78.0;1050.0;6.7;7.2;63.9;0.65;1418.0;1124.0;842.0;936.0;1.5;71.0;98.0
-200.0;800.0;6.0;19.1;70.0;1.5331;1418.0;989.0;814.0;915.0;1.0;51.0;146.0
-200.0;915.0;4.6;18.1;65.2;1.343;1345.0;898.0;742.0;796.0;1.0;50.0;93.0
-200.0;762.0;6.5;20.3;62.5;1.472;1423.0;1040.0;836.0;974.0;1.2;53.0;111.0
-200.0;597.0;10.8;20.2;32.2;0.7526;1308.0;1263.0;1008.0;1121.0;2.4;158.0;391.0
-200.0;659.0;10.4;20.3;66.4;1.5591;1572.0;1176.0;993.0;1178.0;1.9;91.0;206.0
-200.0;707.0;15.5;13.5;58.2;0.8944;1503.0;1085.0;1164.0;1155.0;2.4;120.0;368.0
-200.0;862.0;9.2;23.7;29.6;0.8537;1328.0;964.0;947.0;907.0;1.7;123.0;327.0
-200.0;724.0;11.1;18.3;75.4;1.5682;1632.0;1134.0;1017.0;981.0;2.2;107.0;268.0
-200.0;674.0;8.7;5.4;78.2;0.7074;1220.0;1174.0;926.0;1020.0;-200.0;157.0;245.0
-200.0;622.0;8.3;15.6;40.0;0.7018;1208.0;1153.0;910.0;827.0;0.9;156.0;285.0
-200.0;863.0;7.7;18.6;60.0;1.2757;1451.0;969.0;886.0;953.0;1.3;68.0;179.0
-200.0;936.0;6.5;28.4;28.3;1.0798;1338.0;979.0;835.0;700.0;1.5;100.0;204.0
177.0;890.0;7.3;17.0;53.9;1.0363;1554.0;1137.0;869.0;951.0;1.6;92.0;90.0
-200.0;1035.0;5.0;20.7;49.7;1.197;1317.0;903.0;765.0;712.0;1.1;81.0;176.0
-200.0;854.0;9.7;19.7;57.8;1.3112;1544.0;1036.0;965.0;987.0;2.2;91.0;342.0
-200.0;771.0;11.7;23.3;47.1;1.3281;1609.0;1044.0;1039.0;1076.0;2.1;127.0;333.0
-200.0;1018.0;5.5;22.3;43.8;1.1631;1306.0;933.0;786.0;858.0;0.7;73.0;144.0
114.0;957.0;7.1;9.6;76.0;0.9088;1510.0;1107.0;861.0;879.0;1.9;101.0;118.0
-200.0;1035.0;5.5;24.4;39.1;1.1784;1350.0;969.0;787.0;799.0;1.0;75.0;101.0
-200.0;585.0;10.2;18.8;31.5;0.6752;1252.0;1201.0;985.0;996.0;1.1;156.0;289.0
157.0;895.0;8.2;11.0;71.0;0.9279;1591.0;1081.0;906.0;1024.0;1.7;72.0;150.0
-200.0;703.0;10.2;27.3;38.3;1.3669;1546.0;1081.0;983.0;1079.0;2.1;64.0;145.0
-200.0;671.0;9.5;23.7;55.4;1.6031;1637.0;1046.0;960.0;899.0;1.9;96.0;189.0
-200.0;720.0;6.4;4.3;76.1;0.6395;1143.0;1092.0;831.0;1090.0;1.3;100.0;249.0
-200.0;639.0;10.9;25.2;50.1;1.58;1655.0;1073.0;1009.0;955.0;2.0;105.0;206.0
-200.0;858.0;5.6;37.7;27.7;1.778;1549.0;980.0;793.0;654.0;1.1;43.0;32.0
-200.0;868.0;5.8;35.7;29.0;1.6716;1573.0;953.0;801.0;657.0;1.2;109.0;83.0
-200.0;759.0;8.7;30.5;44.4;1.9076;1722.0;1031.0;929.0;809.0;1.4;77.0;79.0
-200.0;888.0;4.2;25.8;64.6;2.1195;1651.0;931.0;721.0;799.0;0.7;37.0;47.0
-200.0;824.0;5.8;38.0;30.7;2.0022;1620.0;1056.0;802.0;670.0;1.3;47.0;52.0
-200.0;774.0;6.3;25.5;61.6;1.9804;1637.0;967.0;824.0;862.0;1.1;51.0;40.0
-200.0;793.0;6.4;27.7;47.4;1.7344;1589.0;954.0;828.0;631.0;1.3;68.0;51.0
-200.0;722.0;9.3;35.4;30.9;1.7505;1718.0;1078.0;951.0;747.0;-200.0;114.0;127.0
-200.0;682.0;9.1;27.8;52.6;1.9398;1736.0;1142.0;945.0;793.0;1.7;83.0;73.0
-200.0;771.0;7.3;22.6;58.8;1.5903;1666.0;975.0;871.0;942.0;1.2;71.0;72.0
-200.0;864.0;5.5;25.1;51.1;1.6044;1588.0;935.0;787.0;728.0;-200.0;56.0;43.0
-200.0;752.0;10.5;36.9;21.8;1.3384;1580.0;1031.0;995.0;694.0;-200.0;118.0;93.0
-200.0;786.0;10.1;35.3;16.7;0.9402;1480.0;998.0;981.0;797.0;-200.0;117.0;116.0
-200.0;807.0;7.1;21.2;41.2;1.0246;1488.0;918.0;860.0;943.0;-200.0;72.0;74.0
-200.0;819.0;10.6;28.4;24.7;0.9404;1536.0;933.0;1001.0;776.0;-200.0;111.0;109.0
-200.0;813.0;8.0;27.7;37.9;1.3842;1613.0;997.0;898.0;856.0;-200.0;97.0;65.0
-200.0;935.0;4.8;26.0;48.0;1.5882;1553.0;945.0;755.0;663.0;1.2;68.0;50.0
-200.0;866.0;6.0;32.3;33.4;1.59;1563.0;1034.0;812.0;660.0;1.3;82.0;70.0
-200.0;581.0;8.8;17.0;47.5;0.9146;1329.0;1209.0;933.0;1058.0;2.4;166.0;334.0
-200.0;712.0;11.2;37.3;22.9;1.4369;1670.0;1142.0;1021.0;1159.0;1.8;120.0;132.0
-200.0;693.0;14.3;44.3;13.0;1.183;1654.0;1158.0;1126.0;1150.0;2.1;143.0;153.0
64.0;1038.0;4.4;13.3;67.0;1.0203;1470.0;959.0;734.0;861.0;0.8;57.0;76.0
-200.0;816.0;5.8;25.8;43.1;1.4113;1545.0;1026.0;801.0;1094.0;-200.0;63.0;45.0
-200.0;713.0;13.4;39.8;16.0;1.1444;1615.0;1156.0;1096.0;954.0;-200.0;130.0;125.0
-200.0;685.0;13.0;38.9;18.0;1.2318;1632.0;1194.0;1083.0;1060.0;-200.0;139.0;128.0
-200.0;948.0;8.3;23.7;37.2;1.0746;1598.0;1045.0;910.0;624.0;1.8;95.0;89.0
-200.0;790.0;16.8;30.2;20.5;0.8672;1744.0;1203.0;1204.0;1079.0;2.4;102.0;129.0
-200.0;912.0;6.9;14.5;78.3;1.2851;1673.0;1060.0;851.0;805.0;1.3;81.0;108.0
-200.0;802.0;6.8;27.2;36.9;1.3147;1531.0;1015.0;850.0;1173.0;-200.0;79.0;57.0
-200.0;936.0;4.1;21.2;46.3;1.1501;1455.0;925.0;717.0;970.0;0.3;75.0;75.0
-200.0;869.0;9.4;14.2;60.5;0.9765;1600.0;1052.0;956.0;725.0;2.3;116.0;140.0
-200.0;746.0;11.6;27.9;27.6;1.0252;1611.0;1142.0;1035.0;1062.0;2.3;112.0;100.0
-200.0;884.0;7.2;41.1;13.1;1.0124;1435.0;1012.0;868.0;700.0;1.4;87.0;70.0
-200.0;961.0;4.7;20.7;45.9;1.1088;1384.0;836.0;747.0;702.0;0.7;59.0;51.0
-200.0;810.0;10.6;36.2;18.1;1.0724;1554.0;977.0;998.0;743.0;1.7;131.0;125.0
-200.0;891.0;7.9;19.5;45.0;1.0114;1576.0;1056.0;894.0;771.0;1.7;93.0;131.0
-200.0;811.0;4.4;5.6;71.9;0.6604;1082.0;1019.0;730.0;916.0;1.4;143.0;188.0
-200.0;815.0;11.1;22.8;32.4;0.887;1618.0;1095.0;1019.0;1181.0;2.5;113.0;186.0
-200.0;843.0;9.7;19.1;38.3;0.8381;1520.0;1131.0;965.0;1223.0;1.9;103.0;107.0
-200.0;769.0;9.9;18.8;49.4;1.0624;1616.0;960.0;973.0;1155.0;1.3;89.0;140.0
-200.0;983.0;5.7;16.4;52.1;0.9612;1462.0;980.0;800.0;810.0;0.7;54.0;46.0
-200.0;815.0;9.0;19.7;47.1;1.0666;1622.0;1238.0;940.0;877.0;1.7;103.0;95.0
-200.0;840.0;8.8;23.6;33.8;0.9685;1522.0;927.0;930.0;1026.0;1.4;89.0;108.0
-200.0;758.0;9.4;18.5;57.4;1.2076;1671.0;1004.0;955.0;1043.0;1.4;84.0;146.0
-200.0;1034.0;4.3;20.0;48.6;1.1199;1490.0;1008.0;729.0;795.0;0.8;65.0;68.0
-200.0;805.0;8.7;22.7;43.9;1.1962;1615.0;1020.0;929.0;929.0;1.5;108.0;134.0
-200.0;743.0;14.1;42.5;10.2;0.8478;1629.0;1090.0;1120.0;1283.0;2.2;130.0;195.0
-200.0;900.0;11.4;22.1;44.1;1.1573;1710.0;1100.0;1028.0;994.0;1.8;103.0;112.0
-200.0;684.0;7.0;6.2;77.4;0.7383;1196.0;1156.0;859.0;1069.0;2.0;210.0;387.0
-200.0;997.0;4.0;24.0;37.8;1.1077;1432.0;894.0;709.0;853.0;0.5;53.0;46.0
-200.0;1031.0;6.5;16.6;52.1;0.9785;1527.0;909.0;834.0;763.0;0.5;60.0;82.0
-200.0;930.0;7.1;38.0;16.8;1.0933;1479.0;956.0;862.0;636.0;1.1;82.0;65.0
-200.0;861.0;8.2;29.2;37.8;1.5098;1686.0;1079.0;909.0;928.0;1.8;99.0;107.0
-200.0;915.0;8.9;24.3;49.0;1.4724;1791.0;1054.0;936.0;962.0;-200.0;54.0;86.0
-200.0;765.0;13.8;25.0;28.7;0.8944;1670.0;1054.0;1110.0;1167.0;2.6;130.0;174.0
-200.0;818.0;8.9;20.1;57.0;1.3216;1743.0;1028.0;934.0;987.0;1.6;88.0;141.0
-200.0;942.0;7.9;19.7;58.4;1.3254;1702.0;963.0;894.0;1065.0;1.2;91.0;131.0
-200.0;711.0;14.1;23.7;46.0;1.3346;1838.0;1072.0;1120.0;1045.0;2.6;100.0;124.0
-200.0;802.0;11.1;33.3;23.9;1.2085;1732.0;1075.0;1020.0;797.0;2.1;103.0;109.0
-200.0;894.0;10.9;40.3;16.1;1.1896;1665.0;1076.0;1012.0;816.0;1.8;116.0;113.0
-200.0;864.0;8.0;22.9;43.6;1.1974;1631.0;965.0;900.0;968.0;1.2;83.0;79.0
-200.0;826.0;11.2;31.8;25.6;1.1868;1747.0;1040.0;1022.0;812.0;1.7;98.0;115.0
-200.0;779.0;13.6;40.0;18.8;1.363;1792.0;1157.0;1105.0;982.0;2.4;139.0;139.0
-200.0;766.0;12.6;30.4;26.4;1.131;1766.0;1064.0;1069.0;1089.0;2.1;109.0;193.0
-200.0;708.0;6.0;10.1;58.9;0.7301;1182.0;1133.0;811.0;1031.0;1.6;136.0;215.0
-200.0;892.0;8.6;37.0;20.1;1.2423;1683.0;1062.0;924.0;777.0;1.2;76.0;69.0
-200.0;922.0;6.3;26.9;39.7;1.3898;1618.0;1048.0;828.0;683.0;1.1;59.0;52.0
-200.0;965.0;7.9;29.6;21.0;0.8548;1480.0;869.0;897.0;649.0;1.5;106.0;104.0
-200.0;742.0;13.4;22.5;45.3;1.2226;1838.0;1060.0;1099.0;1077.0;2.4;98.0;122.0
-200.0;862.0;9.0;30.1;30.9;1.2958;1703.0;1032.0;940.0;733.0;1.7;85.0;102.0
-200.0;812.0;12.2;24.2;39.2;1.1665;1820.0;1072.0;1057.0;885.0;2.7;92.0;150.0
-200.0;804.0;6.5;38.3;27.1;1.797;1623.0;1058.0;833.0;626.0;1.2;53.0;47.0
-200.0;794.0;6.2;4.7;50.8;0.4398;1025.0;1006.0;822.0;897.0;1.1;151.0;232.0
-200.0;1012.0;5.5;25.4;39.2;1.2534;1585.0;928.0;787.0;606.0;1.3;68.0;85.0
-200.0;742.0;15.3;26.8;35.1;1.2201;1884.0;1083.0;1157.0;1072.0;2.9;127.0;160.0
-200.0;641.0;9.5;7.4;44.5;0.4582;1110.0;1143.0;960.0;1136.0;2.2;153.0;313.0
53.0;1247.0;6.4;7.7;59.7;0.6308;1378.0;1044.0;829.0;832.0;1.9;110.0;133.0
-200.0;517.0;10.9;12.8;64.4;0.9448;1452.0;1285.0;1009.0;1366.0;2.7;153.0;380.0
-200.0;720.0;7.0;8.2;41.8;0.4563;1010.0;1083.0;856.0;975.0;1.6;148.0;252.0
47.0;1228.0;5.1;6.3;71.9;0.6932;1409.0;1112.0;770.0;940.0;1.5;77.0;139.0
-200.0;587.0;13.1;14.1;81.4;1.3066;1515.0;1289.0;1087.0;1208.0;3.2;102.0;564.0
-200.0;765.0;19.7;31.1;18.7;0.8302;1863.0;1124.0;1289.0;1132.0;3.4;153.0;265.0
-200.0;896.0;7.1;9.6;51.7;0.6163;1058.0;1073.0;860.0;1238.0;2.1;110.0;230.0
111.0;1004.0;10.2;17.6;35.1;0.7012;1554.0;1306.0;987.0;1078.0;2.5;124.0;138.0
-200.0;720.0;8.6;11.2;70.9;0.9406;1283.0;1212.0;926.0;1193.0;3.2;132.0;490.0
-200.0;1010.0;3.1;10.3;74.9;0.9362;1121.0;913.0;659.0;748.0;1.0;55.0;86.0
-200.0;715.0;8.7;6.0;76.7;0.722;1196.0;1088.0;927.0;1154.0;1.7;111.0;494.0
-200.0;761.0;9.6;5.8;49.8;0.4613;1081.0;1077.0;963.0;1151.0;2.5;129.0;386.0
-200.0;758.0;10.8;8.0;41.0;0.4416;1103.0;980.0;1008.0;993.0;4.1;151.0;341.0
-200.0;691.0;16.7;7.6;40.1;0.4195;1230.0;1081.0;1202.0;1250.0;3.1;166.0;445.0
-200.0;940.0;3.3;15.5;63.8;1.1119;1173.0;925.0;670.0;663.0;1.3;65.0;93.0
-200.0;794.0;16.6;24.5;37.7;1.1454;1858.0;1124.0;1199.0;1101.0;2.4;116.0;156.0
-200.0;1052.0;2.6;26.9;51.8;1.805;1558.0;864.0;629.0;728.0;0.5;42.0;28.0
-200.0;573.0;15.2;10.5;55.1;0.6993;1391.0;1279.0;1154.0;1544.0;3.0;179.0;515.0
-200.0;688.0;14.4;28.9;41.0;1.6096;1941.0;1156.0;1129.0;1181.0;2.5;110.0;118.0
32.0;1272.0;3.7;11.5;63.1;0.8533;1377.0;1062.0;691.0;929.0;1.2;70.0;53.0
-200.0;1043.0;3.3;25.3;47.2;1.5025;1513.0;874.0;668.0;737.0;-200.0;54.0;37.0
93.0;1084.0;7.5;21.2;31.4;0.7812;1525.0;1281.0;880.0;980.0;2.0;104.0;113.0
-200.0;846.0;6.1;22.2;52.7;1.3891;1613.0;957.0;816.0;903.0;0.8;-200.0;-200.0
44.0;1150.0;4.0;12.3;65.4;0.9351;1468.0;1078.0;711.0;1013.0;-200.0;71.0;66.0
-200.0;581.0;10.2;26.7;22.6;0.7785;1255.0;1247.0;985.0;1184.0;2.0;174.0;323.0
-200.0;737.0;14.9;30.4;23.2;0.9889;1717.0;1086.0;1145.0;1426.0;2.5;125.0;154.0
-200.0;603.0;16.1;12.0;73.3;1.0264;1534.0;1189.0;1183.0;1170.0;3.5;166.0;463.0
50.0;1162.0;5.1;11.0;66.5;0.8705;1467.0;1171.0;770.0;930.0;1.3;70.0;99.0
-200.0;587.0;14.5;14.6;74.2;1.2256;1572.0;1231.0;1134.0;1143.0;2.8;87.0;448.0
-200.0;823.0;3.6;7.6;69.2;0.7238;1054.0;1011.0;685.0;902.0;1.0;99.0;178.0
-200.0;875.0;4.3;4.5;63.5;0.5411;972.0;1043.0;726.0;1107.0;1.6;105.0;195.0
-200.0;757.0;12.7;20.6;50.5;1.2082;1891.0;1321.0;1075.0;1017.0;2.6;85.0;101.0
-200.0;653.0;11.3;7.7;41.9;0.4409;1147.0;1125.0;1025.0;1200.0;2.6;207.0;356.0
-200.0;902.0;6.2;17.9;46.3;0.9394;1455.0;1003.0;820.0;908.0;0.7;-200.0;-200.0
-200.0;727.0;13.6;17.6;43.3;0.8647;1721.0;1187.0;1104.0;1391.0;2.6;108.0;208.0
-200.0;887.0;3.9;3.3;68.2;0.5346;1003.0;960.0;704.0;947.0;1.3;106.0;226.0
-200.0;814.0;14.1;16.0;48.4;0.8768;1732.0;1430.0;1121.0;1322.0;3.2;135.0;178.0
-200.0;776.0;12.5;15.0;52.3;0.8881;1764.0;1425.0;1068.0;1341.0;2.6;107.0;166.0
-200.0;568.0;15.3;19.6;75.3;1.6981;1755.0;1260.0;1160.0;1231.0;3.2;79.0;403.0
-200.0;698.0;16.3;17.7;50.9;1.0232;1824.0;1160.0;1189.0;1151.0;3.0;122.0;167.0
-200.0;604.0;13.9;19.8;81.0;1.8538;1736.0;1296.0;1113.0;1073.0;2.6;101.0;419.0
-200.0;825.0;8.1;11.9;71.1;0.9899;1558.0;1036.0;902.0;1087.0;-200.0;-200.0;-200.0
-200.0;649.0;7.7;7.9;72.1;0.7679;1186.0;1219.0;889.0;1405.0;2.0;111.0;260.0
-200.0;709.0;14.5;17.4;61.1;1.206;1920.0;1167.0;1134.0;1083.0;3.0;113.0;182.0
263.0;828.0;12.0;10.7;68.5;0.8794;1722.0;1260.0;1050.0;979.0;2.7;111.0;156.0
-200.0;737.0;13.0;16.3;68.6;1.2657;1876.0;1172.0;1085.0;1102.0;2.9;123.0;214.0
214.0;928.0;9.4;10.3;66.3;0.8336;1571.0;1179.0;955.0;899.0;2.6;125.0;169.0
151.0;1020.0;7.7;21.3;26.4;0.6607;1438.0;1114.0;887.0;768.0;1.8;86.0;92.0
-200.0;645.0;14.2;29.0;33.4;1.3149;1799.0;1240.0;1124.0;1300.0;-200.0;112.0;131.0
-200.0;585.0;15.0;27.2;48.5;1.7172;1733.0;1261.0;1148.0;1287.0;2.1;111.0;312.0
-200.0;604.0;14.5;33.6;35.7;1.8229;1909.0;1230.0;1133.0;1413.0;2.6;90.0;164.0
60.0;1115.0;2.8;15.9;60.1;1.0806;1409.0;926.0;639.0;814.0;0.6;54.0;34.0
-200.0;664.0;7.3;4.4;82.0;0.6938;1205.0;1179.0;868.0;1240.0;2.1;156.0;330.0
-200.0;578.0;16.6;21.9;64.8;1.683;1791.0;1303.0;1198.0;1235.0;2.7;83.0;332.0
-200.0;899.0;5.2;36.6;28.2;1.697;1547.0;1012.0;775.0;562.0;1.1;53.0;49.0
375.0;768.0;16.2;28.4;26.0;0.9922;1750.0;1329.0;1185.0;1111.0;2.9;121.0;140.0
-200.0;1025.0;3.6;27.6;43.7;1.5877;1491.0;928.0;687.0;528.0;0.9;66.0;48.0
-200.0;654.0;7.5;4.3;80.9;0.6791;1206.0;1213.0;877.0;1282.0;2.3;158.0;336.0
-200.0;688.0;8.8;18.7;73.4;1.5701;1508.0;1069.0;931.0;1044.0;-200.0;-200.0;-200.0
-200.0;926.0;3.4;7.9;69.3;0.7413;1032.0;972.0;674.0;882.0;1.2;88.0;169.0
-200.0;942.0;6.2;32.6;22.5;1.0901;1413.0;883.0;820.0;594.0;-200.0;82.0;93.0
236.0;907.0;9.3;17.3;38.8;0.7584;1496.0;1081.0;950.0;924.0;2.6;109.0;124.0
-200.0;999.0;3.8;22.8;34.7;0.9514;1336.0;794.0;698.0;767.0;-200.0;78.0;53.0
-200.0;846.0;6.8;19.2;51.9;1.1404;1351.0;969.0;850.0;774.0;-200.0;-200.0;-200.0
-200.0;729.0;9.6;17.4;62.3;1.2282;1454.0;1063.0;964.0;1045.0;-200.0;-200.0;-200.0
-200.0;715.0;6.8;5.4;65.8;0.5935;1132.0;1136.0;849.0;1216.0;2.1;164.0;344.0
-200.0;808.0;6.9;14.6;79.0;1.3082;1389.0;971.0;851.0;876.0;-200.0;-200.0;-200.0
-200.0;649.0;15.5;36.6;23.3;1.4042;1840.0;1137.0;1165.0;974.0;-200.0;137.0;121.0
-200.0;900.0;10.6;25.9;26.7;0.8771;1561.0;1081.0;1000.0;900.0;-200.0;-200.0;-200.0
-200.0;735.0;8.6;10.1;33.2;0.4115;1036.0;1069.0;923.0;875.0;2.3;162.0;228.0
-200.0;879.0;5.4;14.5;81.3;1.3399;1326.0;967.0;785.0;766.0;-200.0;-200.0;-200.0
-200.0;797.0;6.2;8.6;38.1;0.4282;942.0;1055.0;821.0;949.0;2.5;194.0;321.0
-200.0;684.0;13.0;23.3;40.4;1.1421;1548.0;1067.0;1085.0;985.0;-200.0;-200.0;-200.0
-200.0;976.0;3.4;24.4;58.6;1.7714;1530.0;810.0;674.0;793.0;0.7;45.0;32.0
-200.0;731.0;10.6;14.7;57.8;0.9626;1415.0;1021.0;1001.0;971.0;-200.0;-200.0;-200.0
-200.0;916.0;7.7;17.5;54.6;1.08;1590.0;1157.0;885.0;784.0;-200.0;-200.0;-200.0
-200.0;773.0;9.5;20.8;45.8;1.1126;1426.0;985.0;957.0;860.0;-200.0;-200.0;-200.0
-200.0;873.0;7.3;14.9;74.5;1.253;1660.0;1217.0;869.0;963.0;-200.0;-200.0;-200.0
-200.0;876.0;6.3;6.1;50.3;0.4769;1037.0;946.0;827.0;915.0;1.7;130.0;236.0
-200.0;688.0;8.7;22.4;58.3;1.561;1470.0;1092.0;928.0;1139.0;-200.0;-200.0;-200.0
191.0;831.0;15.5;16.1;41.0;0.7451;1779.0;1473.0;1163.0;1395.0;3.2;148.0;227.0
-200.0;787.0;7.4;20.6;60.9;1.4642;1446.0;1011.0;875.0;1012.0;-200.0;-200.0;-200.0
-200.0;858.0;5.6;17.1;71.8;1.3936;1373.0;929.0;795.0;815.0;-200.0;-200.0;-200.0
-200.0;1016.0;4.6;32.6;24.6;1.1885;1379.0;885.0;743.0;647.0;1.0;81.0;53.0
-200.0;665.0;6.6;14.6;51.6;0.8508;1204.0;1189.0;837.0;1208.0;1.0;172.0;323.0
-200.0;852.0;6.6;38.5;18.0;1.2055;1422.0;978.0;840.0;694.0;-200.0;-200.0;-200.0
-200.0;708.0;10.9;24.4;42.6;1.2866;1633.0;1077.0;1012.0;1138.0;-200.0;-200.0;-200.0
105.0;1078.0;5.1;12.3;57.8;0.8224;1409.0;1050.0;769.0;759.0;1.4;79.0;60.0
-200.0;777.0;7.7;35.6;32.2;1.8408;1665.0;1031.0;887.0;844.0;-200.0;-200.0;-200.0
-200.0;989.0;3.7;22.2;63.0;1.6673;1385.0;865.0;694.0;678.0;0.8;49.0;61.0
-200.0;807.0;5.1;6.4;52.6;0.5074;993.0;1063.0;769.0;1109.0;2.6;122.0;183.0
-200.0;831.0;7.8;24.6;38.0;1.158;1474.0;931.0;890.0;841.0;-200.0;-200.0;-200.0
45.0;1176.0;2.9;11.0;63.7;0.8325;1340.0;996.0;648.0;852.0;0.9;50.0;64.0
-200.0;795.0;7.3;6.9;42.5;0.4257;971.0;976.0;870.0;861.0;1.2;152.0;221.0
-200.0;980.0;5.4;15.2;62.4;1.0726;1500.0;1115.0;782.0;752.0;-200.0;-200.0;-200.0
-200.0;1020.0;4.4;12.9;69.1;1.0264;1488.0;1074.0;731.0;891.0;-200.0;-200.0;-200.0
-200.0;750.0;10.3;5.0;36.1;0.3178;1025.0;1053.0;987.0;1048.0;2.6;195.0;326.0
-200.0;727.0;7.1;27.9;43.1;1.6004;1539.0;1029.0;862.0;733.0;-200.0;-200.0;-200.0
62.0;1141.0;3.4;14.6;58.8;0.9711;1435.0;980.0;677.0;659.0;0.8;64.0;73.0
-200.0;568.0;14.1;27.7;43.5;1.592;1816.0;1180.0;1121.0;947.0;2.8;105.0;247.0
226.0;849.0;10.3;18.8;36.8;0.7883;1590.0;1143.0;988.0;710.0;1.9;98.0;109.0
-200.0;729.0;9.2;5.3;44.4;0.397;1073.0;1024.0;945.0;1026.0;1.4;185.0;302.0
-200.0;811.0;8.0;23.6;50.4;1.447;1462.0;1120.0;900.0;1111.0;-200.0;-200.0;-200.0
-200.0;706.0;4.9;10.0;57.3;0.7015;1113.0;1152.0;759.0;1094.0;0.4;147.0;234.0
209.0;888.0;10.7;21.0;25.4;0.6264;1454.0;1085.0;1004.0;816.0;1.9;95.0;106.0
-200.0;664.0;12.3;39.5;18.5;1.3076;1580.0;1159.0;1059.0;945.0;2.4;-200.0;-200.0
-200.0;1224.0;4.9;20.3;35.5;0.8342;1213.0;889.0;760.0;806.0;0.6;81.0;143.0
-200.0;1197.0;1.5;9.5;73.3;0.8719;1025.0;871.0;548.0;662.0;0.8;50.0;73.0
-200.0;892.0;7.0;20.3;41.3;0.9745;1275.0;913.0;857.0;640.0;-200.0;-200.0;-200.0
-200.0;936.0;4.0;4.8;64.6;0.563;953.0;909.0;709.0;921.0;1.3;95.0;206.0
-200.0;702.0;18.0;31.1;26.2;1.1647;1940.0;1139.0;1240.0;1129.0;3.1;144.0;239.0
-200.0;674.0;13.9;38.8;17.6;1.1979;1623.0;1130.0;1113.0;1127.0;-200.0;-200.0;-200.0
-200.0;1180.0;3.1;16.7;66.9;1.2631;1452.0;875.0;659.0;561.0;0.7;35.0;30.0
-200.0;989.0;7.0;33.0;21.3;1.0512;1270.0;1019.0;858.0;631.0;-200.0;-200.0;-200.0
-200.0;871.0;7.0;17.6;78.6;1.5722;1739.0;922.0;859.0;728.0;1.1;-200.0;-200.0
-200.0;624.0;10.6;7.7;42.1;0.444;1152.0;1190.0;1000.0;1280.0;2.7;202.0;485.0
-200.0;782.0;6.0;7.8;81.3;0.8631;1158.0;1079.0;812.0;1158.0;0.3;-200.0;-200.0
-200.0;778.0;14.8;26.2;46.4;1.5573;1965.0;1223.0;1142.0;1084.0;-200.0;88.0;145.0
-200.0;911.0;5.0;3.3;58.0;0.4551;942.0;919.0;761.0;1044.0;0.4;122.0;212.0
-200.0;818.0;7.2;5.9;47.8;0.4459;1010.0;1049.0;864.0;1327.0;0.8;145.0;267.0
-200.0;755.0;10.1;10.9;33.8;0.4393;1104.0;1067.0;981.0;1383.0;1.5;186.0;402.0
-200.0;853.0;5.4;4.2;50.1;0.4168;969.0;938.0;785.0;704.0;0.7;157.0;243.0
-200.0;648.0;8.6;9.0;69.8;0.8039;1250.0;1243.0;924.0;1534.0;2.2;119.0;274.0
-200.0;944.0;5.2;24.9;40.8;1.2696;1426.0;900.0;773.0;703.0;-200.0;-200.0;-200.0
-200.0;824.0;6.0;26.7;46.7;1.6121;1563.0;949.0;814.0;653.0;-200.0;-200.0;-200.0
-200.0;709.0;5.5;5.1;65.9;0.5827;1065.0;1154.0;788.0;1390.0;-200.0;146.0;223.0
-200.0;547.0;18.4;17.2;34.2;0.6669;1396.0;1432.0;1251.0;1722.0;4.3;178.0;596.0
-200.0;648.0;14.3;26.8;45.1;1.5645;1930.0;1239.0;1127.0;1201.0;2.5;120.0;134.0
-200.0;575.0;16.6;16.2;60.2;1.1003;1597.0;1234.0;1197.0;1239.0;4.0;163.0;547.0
-200.0;949.0;3.1;1.6;74.3;0.5168;949.0;914.0;655.0;742.0;0.9;77.0;107.0
-200.0;898.0;3.1;7.7;54.4;0.5753;965.0;984.0;661.0;638.0;1.1;105.0;130.0
-200.0;573.0;16.5;10.4;74.6;0.9394;1543.0;1382.0;1196.0;1468.0;4.5;127.0;605.0
-200.0;902.0;14.4;28.3;25.0;0.9495;1738.0;1141.0;1128.0;1009.0;-200.0;-200.0;-200.0
-200.0;637.0;11.3;12.0;60.8;0.852;1342.0;1195.0;1026.0;1150.0;-200.0;-200.0;-200.0
-200.0;972.0;3.2;19.9;66.0;1.5141;1370.0;907.0;665.0;779.0;-200.0;-200.0;-200.0
-200.0;1006.0;3.6;36.9;27.1;1.6683;1438.0;896.0;687.0;493.0;0.7;46.0;33.0
-200.0;679.0;13.7;8.6;60.5;0.6788;1297.0;1054.0;1106.0;1239.0;-200.0;-200.0;-200.0
-200.0;705.0;7.3;1.3;67.2;0.4598;1021.0;1091.0;868.0;1200.0;1.4;205.0;402.0
-200.0;954.0;2.7;24.2;50.6;1.5011;1316.0;850.0;632.0;803.0;-200.0;-200.0;-200.0
-200.0;738.0;7.5;5.9;50.0;0.4689;1002.0;1173.0;878.0;1355.0;2.5;129.0;300.0
-200.0;676.0;22.9;35.8;13.7;0.7868;1795.0;1109.0;1374.0;1225.0;4.0;172.0;263.0
-200.0;631.0;19.3;38.2;20.9;1.3701;1953.0;1301.0;1276.0;1407.0;3.4;179.0;267.0
565.0;614.0;23.1;21.7;44.0;1.1242;2151.0;1554.0;1379.0;1693.0;4.4;138.0;266.0
-200.0;655.0;20.5;33.7;20.0;1.0275;1845.0;1124.0;1309.0;1170.0;3.6;183.0;236.0
-200.0;564.0;15.3;23.8;65.0;1.8897;1810.0;1348.0;1157.0;1307.0;3.1;88.0;376.0
-200.0;566.0;16.6;21.9;61.8;1.6021;1746.0;1246.0;1197.0;1278.0;3.0;119.0;429.0
93.0;1127.0;4.0;15.7;45.9;0.8121;1352.0;948.0;710.0;575.0;0.9;67.0;56.0
-200.0;1163.0;2.4;21.5;45.6;1.1558;1306.0;766.0;616.0;530.0;0.4;43.0;43.0
65.0;1266.0;3.2;11.9;46.5;0.6449;1224.0;960.0;666.0;544.0;1.1;80.0;63.0
-200.0;1009.0;3.0;6.6;40.2;0.3944;854.0;887.0;649.0;588.0;1.0;104.0;166.0
-200.0;813.0;8.0;39.1;21.7;1.5031;1589.0;1003.0;901.0;661.0;-200.0;-200.0;-200.0
41.0;1496.0;1.4;13.5;48.6;0.7487;1184.0;830.0;535.0;375.0;0.6;50.0;42.0
-200.0;998.0;1.8;12.4;72.5;1.0411;1138.0;958.0;571.0;707.0;-200.0;54.0;64.0
-200.0;616.0;14.3;34.1;28.8;1.5105;1767.0;1156.0;1127.0;1295.0;-200.0;-200.0;-200.0
-200.0;844.0;13.7;25.9;26.9;0.8845;1742.0;1129.0;1107.0;940.0;-200.0;-200.0;-200.0
-200.0;1035.0;2.7;25.1;42.3;1.326;1402.0;825.0;634.0;606.0;-200.0;37.0;29.0
-200.0;866.0;6.8;21.6;39.9;1.0156;1305.0;960.0;848.0;701.0;-200.0;-200.0;-200.0
-200.0;669.0;11.6;13.3;38.7;0.5867;1167.0;1217.0;1037.0;1452.0;2.9;138.0;443.0
-200.0;474.0;25.1;16.6;56.5;1.0551;1852.0;1422.0;1432.0;1636.0;5.4;212.0;620.0
-200.0;644.0;8.6;8.9;70.5;0.8056;1246.0;1251.0;924.0;1568.0;2.0;106.0;231.0
-200.0;1052.0;4.2;14.2;75.6;1.2201;1546.0;1032.0;721.0;663.0;-200.0;-200.0;-200.0
-200.0;1099.0;3.2;3.2;76.8;0.5963;1003.0;780.0;666.0;697.0;-200.0;-200.0;-200.0
-200.0;974.0;2.2;3.9;65.5;0.5367;920.0;920.0;601.0;925.0;0.4;80.0;87.0
-200.0;-200.0;-200.0;-200.0;-200.0;-200.0;-200.0;-200.0;-200.0;-200.0;1.9;88.0;103.0
-200.0;1080.0;6.9;26.0;29.4;0.976;1509.0;892.0;853.0;666.0;-200.0;-200.0;-200.0
-200.0;922.0;2.8;8.8;81.2;0.9214;1107.0;970.0;642.0;704.0;-200.0;-200.0;-200.0
-200.0;497.0;22.8;20.0;56.5;1.3051;1883.0;1405.0;1372.0;1573.0;-200.0;-200.0;-200.0
-200.0;525.0;26.6;18.8;52.4;1.1285;2281.0;1558.0;1469.0;1758.0;5.1;121.0;336.0
-200.0;679.0;17.7;35.3;16.8;0.9448;1732.0;1103.0;1232.0;1085.0;-200.0;-200.0;-200.0
-200.0;1439.0;0.4;2.8;43.8;0.3308;722.0;790.0;431.0;354.0;0.4;49.0;53.0
